"dataset","neighborhood","topology","rlen","radius","alpha_start","alpha_end","n_folds","mean_time_s","total_time_s"
"emotions","bubble","hexagonal",100,1,0.05,0.005,3,8.54333333333333,25.63
"emotions","bubble","hexagonal",100,1,0.05,0.01,3,8.70666666666667,26.12
"emotions","bubble","hexagonal",100,1,0.1,0.005,3,8.62333333333333,25.87
"emotions","bubble","hexagonal",100,1,0.1,0.01,3,8.78666666666667,26.36
"emotions","bubble","hexagonal",100,1.5,0.05,0.005,3,8.58666666666667,25.76
"emotions","bubble","hexagonal",100,1.5,0.05,0.01,3,8.74666666666667,26.24
"emotions","bubble","hexagonal",100,1.5,0.1,0.005,3,8.66666666666667,26
"emotions","bubble","hexagonal",100,1.5,0.1,0.01,3,8.82666666666667,26.48
"emotions","bubble","hexagonal",500,1,0.05,0.005,3,8.55333333333333,25.66
"emotions","bubble","hexagonal",500,1,0.05,0.01,3,8.72,26.16
"emotions","bubble","hexagonal",500,1,0.1,0.005,3,8.63333333333333,25.9
"emotions","bubble","hexagonal",500,1,0.1,0.01,3,8.79666666666667,26.39
"emotions","bubble","hexagonal",500,1.5,0.05,0.005,3,8.6,25.8
"emotions","bubble","hexagonal",500,1.5,0.05,0.01,3,8.75666666666667,26.27
"emotions","bubble","hexagonal",500,1.5,0.1,0.005,3,8.68,26.04
"emotions","bubble","hexagonal",500,1.5,0.1,0.01,3,8.83666666666667,26.51
"emotions","bubble","hexagonal",1000,1,0.05,0.005,3,8.58,25.74
"emotions","bubble","hexagonal",1000,1,0.05,0.01,3,8.74333333333333,26.23
"emotions","bubble","hexagonal",1000,1,0.1,0.005,3,8.66333333333333,25.99
"emotions","bubble","hexagonal",1000,1,0.1,0.01,3,8.81666666666667,26.45
"emotions","bubble","hexagonal",1000,1.5,0.05,0.005,3,8.62333333333333,25.87
"emotions","bubble","hexagonal",1000,1.5,0.05,0.01,3,8.78,26.34
"emotions","bubble","hexagonal",1000,1.5,0.1,0.005,3,8.7,26.1
"emotions","bubble","hexagonal",1000,1.5,0.1,0.01,3,8.85666666666667,26.57
"emotions","bubble","rectangular",100,1,0.05,0.005,3,8.21,24.63
"emotions","bubble","rectangular",100,1,0.05,0.01,3,8.36666666666667,25.1
"emotions","bubble","rectangular",100,1,0.1,0.005,3,8.28666666666667,24.86
"emotions","bubble","rectangular",100,1,0.1,0.01,3,8.45,25.35
"emotions","bubble","rectangular",100,1.5,0.05,0.005,3,8.24666666666667,24.74
"emotions","bubble","rectangular",100,1.5,0.05,0.01,3,8.40333333333333,25.21
"emotions","bubble","rectangular",100,1.5,0.1,0.005,3,8.32666666666667,24.98
"emotions","bubble","rectangular",100,1.5,0.1,0.01,3,8.5,25.5
"emotions","bubble","rectangular",500,1,0.05,0.005,3,8.22,24.66
"emotions","bubble","rectangular",500,1,0.05,0.01,3,8.37666666666667,25.13
"emotions","bubble","rectangular",500,1,0.1,0.005,3,8.3,24.9
"emotions","bubble","rectangular",500,1,0.1,0.01,3,8.46333333333333,25.39
"emotions","bubble","rectangular",500,1.5,0.05,0.005,3,8.25666666666667,24.77
"emotions","bubble","rectangular",500,1.5,0.05,0.01,3,8.41666666666667,25.25
"emotions","bubble","rectangular",500,1.5,0.1,0.005,3,8.33666666666667,25.01
"emotions","bubble","rectangular",500,1.5,0.1,0.01,3,8.51333333333333,25.54
"emotions","bubble","rectangular",1000,1,0.05,0.005,3,8.24,24.72
"emotions","bubble","rectangular",1000,1,0.05,0.01,3,8.4,25.2
"emotions","bubble","rectangular",1000,1,0.1,0.005,3,8.32,24.96
"emotions","bubble","rectangular",1000,1,0.1,0.01,3,8.49666666666667,25.49
"emotions","bubble","rectangular",1000,1.5,0.05,0.005,3,8.28,24.84
"emotions","bubble","rectangular",1000,1.5,0.05,0.01,3,8.44333333333333,25.33
"emotions","bubble","rectangular",1000,1.5,0.1,0.005,3,8.36,25.08
"emotions","bubble","rectangular",1000,1.5,0.1,0.01,3,8.53666666666667,25.61
"emotions","gaussian","hexagonal",100,1,0.05,0.005,3,7.83333333333333,23.5
"emotions","gaussian","hexagonal",100,1,0.05,0.01,3,8.02,24.06
"emotions","gaussian","hexagonal",100,1,0.1,0.005,3,7.92666666666667,23.78
"emotions","gaussian","hexagonal",100,1,0.1,0.01,3,8.11333333333333,24.34
"emotions","gaussian","hexagonal",100,1.5,0.05,0.005,3,7.87666666666667,23.63
"emotions","gaussian","hexagonal",100,1.5,0.05,0.01,3,8.06666666666667,24.2
"emotions","gaussian","hexagonal",100,1.5,0.1,0.005,3,7.97333333333333,23.92
"emotions","gaussian","hexagonal",100,1.5,0.1,0.01,3,8.15666666666667,24.47
"emotions","gaussian","hexagonal",500,1,0.05,0.005,3,7.85,23.55
"emotions","gaussian","hexagonal",500,1,0.05,0.01,3,8.03333333333333,24.1
"emotions","gaussian","hexagonal",500,1,0.1,0.005,3,7.93666666666667,23.81
"emotions","gaussian","hexagonal",500,1,0.1,0.01,3,8.12666666666667,24.38
"emotions","gaussian","hexagonal",500,1.5,0.05,0.005,3,7.89,23.67
"emotions","gaussian","hexagonal",500,1.5,0.05,0.01,3,8.08,24.24
"emotions","gaussian","hexagonal",500,1.5,0.1,0.005,3,7.99,23.97
"emotions","gaussian","hexagonal",500,1.5,0.1,0.01,3,8.18,24.54
"emotions","gaussian","hexagonal",1000,1,0.05,0.005,3,7.87,23.61
"emotions","gaussian","hexagonal",1000,1,0.05,0.01,3,8.05666666666667,24.17
"emotions","gaussian","hexagonal",1000,1,0.1,0.005,3,7.97,23.91
"emotions","gaussian","hexagonal",1000,1,0.1,0.01,3,8.15666666666667,24.47
"emotions","gaussian","hexagonal",1000,1.5,0.05,0.005,3,7.91666666666667,23.75
"emotions","gaussian","hexagonal",1000,1.5,0.05,0.01,3,8.10666666666667,24.32
"emotions","gaussian","hexagonal",1000,1.5,0.1,0.005,3,8.01333333333333,24.04
"emotions","gaussian","hexagonal",1000,1.5,0.1,0.01,3,8.2,24.6
"emotions","gaussian","rectangular",100,1,0.05,0.005,3,7.46333333333333,22.39
"emotions","gaussian","rectangular",100,1,0.05,0.01,3,7.65,22.95
"emotions","gaussian","rectangular",100,1,0.1,0.005,3,7.56,22.68
"emotions","gaussian","rectangular",100,1,0.1,0.01,3,7.74333333333333,23.23
"emotions","gaussian","rectangular",100,1.5,0.05,0.005,3,7.51,22.53
"emotions","gaussian","rectangular",100,1.5,0.05,0.01,3,7.69666666666667,23.09
"emotions","gaussian","rectangular",100,1.5,0.1,0.005,3,7.6,22.8
"emotions","gaussian","rectangular",100,1.5,0.1,0.01,3,7.78666666666667,23.36
"emotions","gaussian","rectangular",500,1,0.05,0.005,3,7.47666666666667,22.43
"emotions","gaussian","rectangular",500,1,0.05,0.01,3,7.66666666666667,23
"emotions","gaussian","rectangular",500,1,0.1,0.005,3,7.57333333333333,22.72
"emotions","gaussian","rectangular",500,1,0.1,0.01,3,7.75666666666667,23.27
"emotions","gaussian","rectangular",500,1.5,0.05,0.005,3,7.52666666666667,22.58
"emotions","gaussian","rectangular",500,1.5,0.05,0.01,3,7.71333333333333,23.14
"emotions","gaussian","rectangular",500,1.5,0.1,0.005,3,7.62,22.86
"emotions","gaussian","rectangular",500,1.5,0.1,0.01,3,7.80333333333333,23.41
"emotions","gaussian","rectangular",1000,1,0.05,0.005,3,7.5,22.5
"emotions","gaussian","rectangular",1000,1,0.05,0.01,3,7.69,23.07
"emotions","gaussian","rectangular",1000,1,0.1,0.005,3,7.6,22.8
"emotions","gaussian","rectangular",1000,1,0.1,0.01,3,7.78333333333333,23.35
"emotions","gaussian","rectangular",1000,1.5,0.05,0.005,3,7.54666666666667,22.64
"emotions","gaussian","rectangular",1000,1.5,0.05,0.01,3,7.73666666666667,23.21
"emotions","gaussian","rectangular",1000,1.5,0.1,0.005,3,7.64333333333333,22.93
"emotions","gaussian","rectangular",1000,1.5,0.1,0.01,3,7.82333333333333,23.47
"scene","bubble","hexagonal",100,1,0.05,0.005,3,12.8633333333333,38.59
"scene","bubble","hexagonal",100,1,0.05,0.01,3,13.5233333333333,40.57
"scene","bubble","hexagonal",100,1,0.1,0.005,3,13.2,39.6
"scene","bubble","hexagonal",100,1,0.1,0.01,3,13.85,41.55
"scene","bubble","hexagonal",100,1.5,0.05,0.005,3,13.0233333333333,39.07
"scene","bubble","hexagonal",100,1.5,0.05,0.01,3,13.67,41.01
"scene","bubble","hexagonal",100,1.5,0.1,0.005,3,13.3433333333333,40.03
"scene","bubble","hexagonal",100,1.5,0.1,0.01,3,14.0066666666667,42.02
"scene","bubble","hexagonal",500,1,0.05,0.005,3,12.9166666666667,38.75
"scene","bubble","hexagonal",500,1,0.05,0.01,3,13.5733333333333,40.72
"scene","bubble","hexagonal",500,1,0.1,0.005,3,13.2433333333333,39.73
"scene","bubble","hexagonal",500,1,0.1,0.01,3,13.9033333333333,41.71
"scene","bubble","hexagonal",500,1.5,0.05,0.005,3,13.08,39.24
"scene","bubble","hexagonal",500,1.5,0.05,0.01,3,13.7266666666667,41.18
"scene","bubble","hexagonal",500,1.5,0.1,0.005,3,13.4033333333333,40.21
"scene","bubble","hexagonal",500,1.5,0.1,0.01,3,14.06,42.18
"scene","bubble","hexagonal",1000,1,0.05,0.005,3,13.0066666666667,39.02
"scene","bubble","hexagonal",1000,1,0.05,0.01,3,13.6566666666667,40.97
"scene","bubble","hexagonal",1000,1,0.1,0.005,3,13.3266666666667,39.98
"scene","bubble","hexagonal",1000,1,0.1,0.01,3,13.9933333333333,41.98
"scene","bubble","hexagonal",1000,1.5,0.05,0.005,3,13.1833333333333,39.55
"scene","bubble","hexagonal",1000,1.5,0.05,0.01,3,13.8366666666667,41.51
"scene","bubble","hexagonal",1000,1.5,0.1,0.005,3,13.51,40.53
"scene","bubble","hexagonal",1000,1.5,0.1,0.01,3,14.1666666666667,42.5
"scene","bubble","rectangular",100,1,0.05,0.005,3,11.4866666666667,34.46
"scene","bubble","rectangular",100,1,0.05,0.01,3,12.1566666666667,36.47
"scene","bubble","rectangular",100,1,0.1,0.005,3,11.8233333333333,35.47
"scene","bubble","rectangular",100,1,0.1,0.01,3,12.5066666666667,37.52
"scene","bubble","rectangular",100,1.5,0.05,0.005,3,11.65,34.95
"scene","bubble","rectangular",100,1.5,0.05,0.01,3,12.3133333333333,36.94
"scene","bubble","rectangular",100,1.5,0.1,0.005,3,11.9666666666667,35.9
"scene","bubble","rectangular",100,1.5,0.1,0.01,3,12.6733333333333,38.02
"scene","bubble","rectangular",500,1,0.05,0.005,3,11.5366666666667,34.61
"scene","bubble","rectangular",500,1,0.05,0.01,3,12.21,36.63
"scene","bubble","rectangular",500,1,0.1,0.005,3,11.87,35.61
"scene","bubble","rectangular",500,1,0.1,0.01,3,12.5666666666667,37.7
"scene","bubble","rectangular",500,1.5,0.05,0.005,3,11.7066666666667,35.12
"scene","bubble","rectangular",500,1.5,0.05,0.01,3,12.38,37.14
"scene","bubble","rectangular",500,1.5,0.1,0.005,3,12.0233333333333,36.07
"scene","bubble","rectangular",500,1.5,0.1,0.01,3,12.7366666666667,38.21
"scene","bubble","rectangular",1000,1,0.05,0.005,3,11.6133333333333,34.84
"scene","bubble","rectangular",1000,1,0.05,0.01,3,12.3033333333333,36.91
"scene","bubble","rectangular",1000,1,0.1,0.005,3,11.95,35.85
"scene","bubble","rectangular",1000,1,0.1,0.01,3,12.6566666666667,37.97
"scene","bubble","rectangular",1000,1.5,0.05,0.005,3,11.81,35.43
"scene","bubble","rectangular",1000,1.5,0.05,0.01,3,12.4866666666667,37.46
"scene","bubble","rectangular",1000,1.5,0.1,0.005,3,12.14,36.42
"scene","bubble","rectangular",1000,1.5,0.1,0.01,3,12.8466666666667,38.54
"scene","gaussian","hexagonal",100,1,0.05,0.005,3,10.2,30.6
"scene","gaussian","hexagonal",100,1,0.05,0.01,3,10.84,32.52
"scene","gaussian","hexagonal",100,1,0.1,0.005,3,10.5333333333333,31.6
"scene","gaussian","hexagonal",100,1,0.1,0.01,3,11.1666666666667,33.5
"scene","gaussian","hexagonal",100,1.5,0.05,0.005,3,10.37,31.11
"scene","gaussian","hexagonal",100,1.5,0.05,0.01,3,11.0133333333333,33.04
"scene","gaussian","hexagonal",100,1.5,0.1,0.005,3,10.6866666666667,32.06
"scene","gaussian","hexagonal",100,1.5,0.1,0.01,3,11.3333333333333,34
"scene","gaussian","hexagonal",500,1,0.05,0.005,3,10.2533333333333,30.76
"scene","gaussian","hexagonal",500,1,0.05,0.01,3,10.8966666666667,32.69
"scene","gaussian","hexagonal",500,1,0.1,0.005,3,10.58,31.74
"scene","gaussian","hexagonal",500,1,0.1,0.01,3,11.2233333333333,33.67
"scene","gaussian","hexagonal",500,1.5,0.05,0.005,3,10.42,31.26
"scene","gaussian","hexagonal",500,1.5,0.05,0.01,3,11.0633333333333,33.19
"scene","gaussian","hexagonal",500,1.5,0.1,0.005,3,10.7366666666667,32.21
"scene","gaussian","hexagonal",500,1.5,0.1,0.01,3,11.3866666666667,34.16
"scene","gaussian","hexagonal",1000,1,0.05,0.005,3,10.3466666666667,31.04
"scene","gaussian","hexagonal",1000,1,0.05,0.01,3,10.9866666666667,32.96
"scene","gaussian","hexagonal",1000,1,0.1,0.005,3,10.67,32.01
"scene","gaussian","hexagonal",1000,1,0.1,0.01,3,11.3133333333333,33.94
"scene","gaussian","hexagonal",1000,1.5,0.05,0.005,3,10.51,31.53
"scene","gaussian","hexagonal",1000,1.5,0.05,0.01,3,11.15,33.45
"scene","gaussian","hexagonal",1000,1.5,0.1,0.005,3,10.8266666666667,32.48
"scene","gaussian","hexagonal",1000,1.5,0.1,0.01,3,11.4666666666667,34.4
"scene","gaussian","rectangular",100,1,0.05,0.005,3,8.87666666666667,26.63
"scene","gaussian","rectangular",100,1,0.05,0.01,3,9.54,28.62
"scene","gaussian","rectangular",100,1,0.1,0.005,3,9.20666666666667,27.62
"scene","gaussian","rectangular",100,1,0.1,0.01,3,9.87666666666667,29.63
"scene","gaussian","rectangular",100,1.5,0.05,0.005,3,9.04333333333333,27.13
"scene","gaussian","rectangular",100,1.5,0.05,0.01,3,9.71,29.13
"scene","gaussian","rectangular",100,1.5,0.1,0.005,3,9.37333333333333,28.12
"scene","gaussian","rectangular",100,1.5,0.1,0.01,3,10.0333333333333,30.1
"scene","gaussian","rectangular",500,1,0.05,0.005,3,8.93333333333333,26.8
"scene","gaussian","rectangular",500,1,0.05,0.01,3,9.59333333333333,28.78
"scene","gaussian","rectangular",500,1,0.1,0.005,3,9.26333333333333,27.79
"scene","gaussian","rectangular",500,1,0.1,0.01,3,9.92666666666667,29.78
"scene","gaussian","rectangular",500,1.5,0.05,0.005,3,9.1,27.3
"scene","gaussian","rectangular",500,1.5,0.05,0.01,3,9.76,29.28
"scene","gaussian","rectangular",500,1.5,0.1,0.005,3,9.42333333333333,28.27
"scene","gaussian","rectangular",500,1.5,0.1,0.01,3,10.0866666666667,30.26
"scene","gaussian","rectangular",1000,1,0.05,0.005,3,9.02333333333333,27.07
"scene","gaussian","rectangular",1000,1,0.05,0.01,3,9.69,29.07
"scene","gaussian","rectangular",1000,1,0.1,0.005,3,9.35333333333333,28.06
"scene","gaussian","rectangular",1000,1,0.1,0.01,3,10.02,30.06
"scene","gaussian","rectangular",1000,1.5,0.05,0.005,3,9.19,27.57
"scene","gaussian","rectangular",1000,1.5,0.05,0.01,3,9.85333333333333,29.56
"scene","gaussian","rectangular",1000,1.5,0.1,0.005,3,9.52333333333333,28.57
"scene","gaussian","rectangular",1000,1.5,0.1,0.01,3,10.18,30.54
