"dataset","fold","neighborhood","topology","grid_size","rlen","radius","alpha_start","alpha_end","empty_neurons","qe_val","iter_time_s"
"emotions",1,"gaussian","rectangular","2x2",100,1,0.05,0.005,0,0.589468686924954,0.57
"emotions",1,"gaussian","rectangular","2x2",500,1,0.05,0.005,0,0.60296639025692,0.58
"emotions",1,"gaussian","rectangular","2x2",1000,1,0.05,0.005,0,0.584524791643367,0.61
"emotions",1,"gaussian","rectangular","2x2",100,1.5,0.05,0.005,0,0.572781173202806,0.62
"emotions",1,"gaussian","rectangular","2x2",500,1.5,0.05,0.005,0,0.592922534377187,0.64
"emotions",1,"gaussian","rectangular","2x2",1000,1.5,0.05,0.005,0,0.601091382609311,0.66
"emotions",1,"gaussian","rectangular","2x2",100,1,0.1,0.005,0,0.584046481014996,0.67
"emotions",1,"gaussian","rectangular","2x2",500,1,0.1,0.005,0,0.581058883020748,0.68
"emotions",1,"gaussian","rectangular","2x2",1000,1,0.1,0.005,0,0.576276090127955,0.71
"emotions",1,"gaussian","rectangular","2x2",100,1.5,0.1,0.005,0,0.603401239751935,0.71
"emotions",1,"gaussian","rectangular","2x2",500,1.5,0.1,0.005,0,0.589175555743314,0.73
"emotions",1,"gaussian","rectangular","2x2",1000,1.5,0.1,0.005,0,0.574921259348047,0.76
"emotions",1,"gaussian","rectangular","2x2",100,1,0.05,0.01,0,0.581259272361641,0.76
"emotions",1,"gaussian","rectangular","2x2",500,1,0.05,0.01,0,0.603854700254441,0.78
"emotions",1,"gaussian","rectangular","2x2",1000,1,0.05,0.01,0,0.579226676001247,0.8
"emotions",1,"gaussian","rectangular","2x2",100,1.5,0.05,0.01,0,0.601191943659734,0.81
"emotions",1,"gaussian","rectangular","2x2",500,1.5,0.05,0.01,0,0.58630894813456,0.82
"emotions",1,"gaussian","rectangular","2x2",1000,1.5,0.05,0.01,0,0.591919197667877,0.85
"emotions",1,"gaussian","rectangular","2x2",100,1,0.1,0.01,0,0.581835373967725,0.86
"emotions",1,"gaussian","rectangular","2x2",500,1,0.1,0.01,0,0.585651556904413,0.87
"emotions",1,"gaussian","rectangular","2x2",1000,1,0.1,0.01,0,0.580554567616057,0.9
"emotions",1,"gaussian","rectangular","2x2",100,1.5,0.1,0.01,0,0.58726927457419,0.9
"emotions",1,"gaussian","rectangular","2x2",500,1.5,0.1,0.01,0,0.581960594093367,0.92
"emotions",1,"gaussian","rectangular","2x2",1000,1.5,0.1,0.01,0,0.57240744802006,0.94
"emotions",1,"gaussian","hexagonal","2x2",100,1,0.05,0.005,0,0.598846450512502,0.95
"emotions",1,"gaussian","hexagonal","2x2",500,1,0.05,0.005,0,0.587472674907609,0.97
"emotions",1,"gaussian","hexagonal","2x2",1000,1,0.05,0.005,0,0.56441839071105,0.99
"emotions",1,"gaussian","hexagonal","2x2",100,1.5,0.05,0.005,0,0.572971440740843,1
"emotions",1,"gaussian","hexagonal","2x2",500,1.5,0.05,0.005,0,0.5539497825385,1.01
"emotions",1,"gaussian","hexagonal","2x2",1000,1.5,0.05,0.005,0,0.545158087300082,1.04
"emotions",1,"gaussian","hexagonal","2x2",100,1,0.1,0.005,0,0.55896515388985,1.05
"emotions",1,"gaussian","hexagonal","2x2",500,1,0.1,0.005,0,0.544141770047762,1.06
"emotions",1,"gaussian","hexagonal","2x2",1000,1,0.1,0.005,0,0.547440578127201,1.1
"emotions",1,"gaussian","hexagonal","2x2",100,1.5,0.1,0.005,0,0.544720822623829,1.11
"emotions",1,"gaussian","hexagonal","2x2",500,1.5,0.1,0.005,0,0.550744179633194,1.12
"emotions",1,"gaussian","hexagonal","2x2",1000,1.5,0.1,0.005,0,0.55720272524876,1.15
"emotions",1,"gaussian","hexagonal","2x2",100,1,0.05,0.01,0,0.566430863903858,1.15
"emotions",1,"gaussian","hexagonal","2x2",500,1,0.05,0.01,0,0.550156457661221,1.17
"emotions",1,"gaussian","hexagonal","2x2",1000,1,0.05,0.01,0,0.54717535563014,1.19
"emotions",1,"gaussian","hexagonal","2x2",100,1.5,0.05,0.01,0,0.562612944008035,1.2
"emotions",1,"gaussian","hexagonal","2x2",500,1.5,0.05,0.01,0,0.562281549097899,1.21
"emotions",1,"gaussian","hexagonal","2x2",1000,1.5,0.05,0.01,0,0.544190909391553,1.24
"emotions",1,"gaussian","hexagonal","2x2",100,1,0.1,0.01,0,0.55822744051607,1.24
"emotions",1,"gaussian","hexagonal","2x2",500,1,0.1,0.01,0,0.551148992167463,1.26
"emotions",1,"gaussian","hexagonal","2x2",1000,1,0.1,0.01,0,0.545069752818846,1.29
"emotions",1,"gaussian","hexagonal","2x2",100,1.5,0.1,0.01,0,0.546151483487072,1.29
"emotions",1,"gaussian","hexagonal","2x2",500,1.5,0.1,0.01,0,0.559138250001201,1.31
"emotions",1,"gaussian","hexagonal","2x2",1000,1.5,0.1,0.01,0,0.547357580891908,1.33
"emotions",1,"bubble","rectangular","2x2",100,1,0.05,0.005,0,0.495399015291424,1.34
"emotions",1,"bubble","rectangular","2x2",500,1,0.05,0.005,0,0.503256133713236,1.35
"emotions",1,"bubble","rectangular","2x2",1000,1,0.05,0.005,0,0.465884398178018,1.37
"emotions",1,"bubble","rectangular","2x2",100,1.5,0.05,0.005,0,0.508170694048513,1.38
"emotions",1,"bubble","rectangular","2x2",500,1.5,0.05,0.005,0,0.48502440181751,1.39
"emotions",1,"bubble","rectangular","2x2",1000,1.5,0.05,0.005,0,0.458480739883359,1.41
"emotions",1,"bubble","rectangular","2x2",100,1,0.1,0.005,0,0.467138474662479,1.42
"emotions",1,"bubble","rectangular","2x2",500,1,0.1,0.005,0,0.481169668135835,1.43
"emotions",1,"bubble","rectangular","2x2",1000,1,0.1,0.005,0,0.458377390614147,1.45
"emotions",1,"bubble","rectangular","2x2",100,1.5,0.1,0.005,0,0.482618700250327,1.46
"emotions",1,"bubble","rectangular","2x2",500,1.5,0.1,0.005,0,0.459270283153463,1.47
"emotions",1,"bubble","rectangular","2x2",1000,1.5,0.1,0.005,0,0.458952279331155,1.49
"emotions",1,"bubble","rectangular","2x2",100,1,0.05,0.01,0,0.509276330560276,1.5
"emotions",1,"bubble","rectangular","2x2",500,1,0.05,0.01,0,0.496058319108823,1.51
"emotions",1,"bubble","rectangular","2x2",1000,1,0.05,0.01,0,0.466708933615509,1.54
"emotions",1,"bubble","rectangular","2x2",100,1.5,0.05,0.01,0,0.481282604120156,1.54
"emotions",1,"bubble","rectangular","2x2",500,1.5,0.05,0.01,0,0.466281619991732,1.55
"emotions",1,"bubble","rectangular","2x2",1000,1.5,0.05,0.01,0,0.459038669958391,1.59
"emotions",1,"bubble","rectangular","2x2",100,1,0.1,0.01,0,0.459735126817941,1.6
"emotions",1,"bubble","rectangular","2x2",500,1,0.1,0.01,0,0.45997210847885,1.61
"emotions",1,"bubble","rectangular","2x2",1000,1,0.1,0.01,0,0.464049735102905,1.64
"emotions",1,"bubble","rectangular","2x2",100,1.5,0.1,0.01,0,0.496080565603135,1.64
"emotions",1,"bubble","rectangular","2x2",500,1.5,0.1,0.01,0,0.461503796090371,1.65
"emotions",1,"bubble","rectangular","2x2",1000,1.5,0.1,0.01,0,0.45905243036502,1.68
"emotions",1,"bubble","hexagonal","2x2",100,1,0.05,0.005,0,0.49529996582719,1.68
"emotions",1,"bubble","hexagonal","2x2",500,1,0.05,0.005,0,0.481574071510988,1.69
"emotions",1,"bubble","hexagonal","2x2",1000,1,0.05,0.005,0,0.508475292738736,1.73
"emotions",1,"bubble","hexagonal","2x2",100,1.5,0.05,0.005,0,0.483829164743997,1.73
"emotions",1,"bubble","hexagonal","2x2",500,1.5,0.05,0.005,0,0.502228357863342,1.75
"emotions",1,"bubble","hexagonal","2x2",1000,1.5,0.05,0.005,0,0.458524693566989,1.78
"emotions",1,"bubble","hexagonal","2x2",100,1,0.1,0.005,0,0.45935170151246,1.78
"emotions",1,"bubble","hexagonal","2x2",500,1,0.1,0.005,0,0.46619218605803,1.79
"emotions",1,"bubble","hexagonal","2x2",1000,1,0.1,0.005,0,0.458394079458615,1.82
"emotions",1,"bubble","hexagonal","2x2",100,1.5,0.1,0.005,0,0.466850403532483,1.82
"emotions",1,"bubble","hexagonal","2x2",500,1.5,0.1,0.005,0,0.460060368834177,1.84
"emotions",1,"bubble","hexagonal","2x2",1000,1.5,0.1,0.005,0,0.460478808047352,1.86
"emotions",1,"bubble","hexagonal","2x2",100,1,0.05,0.01,0,0.460069905421595,1.87
"emotions",1,"bubble","hexagonal","2x2",500,1,0.05,0.01,0,0.504981705417969,1.88
"emotions",1,"bubble","hexagonal","2x2",1000,1,0.05,0.01,0,0.465859440618994,1.91
"emotions",1,"bubble","hexagonal","2x2",100,1.5,0.05,0.01,0,0.52201981034087,1.92
"emotions",1,"bubble","hexagonal","2x2",500,1.5,0.05,0.01,0,0.496399240122532,1.93
"emotions",1,"bubble","hexagonal","2x2",1000,1.5,0.05,0.01,0,0.485621318467731,1.96
"emotions",1,"bubble","hexagonal","2x2",100,1,0.1,0.01,0,0.468866308019059,1.96
"emotions",1,"bubble","hexagonal","2x2",500,1,0.1,0.01,0,0.482107943308917,1.97
"emotions",1,"bubble","hexagonal","2x2",1000,1,0.1,0.01,0,0.483359794481569,1.99
"emotions",1,"bubble","hexagonal","2x2",100,1.5,0.1,0.01,0,0.459597601852744,2
"emotions",1,"bubble","hexagonal","2x2",500,1.5,0.1,0.01,0,0.48462205028361,2.01
"emotions",1,"bubble","hexagonal","2x2",1000,1.5,0.1,0.01,0,0.466843469657337,2.03
"scene",1,"gaussian","rectangular","2x2",100,1,0.05,0.005,0,0.448364986140799,2.05
"scene",1,"gaussian","rectangular","2x2",500,1,0.05,0.005,0,0.449300104419984,2.12
"scene",1,"gaussian","rectangular","2x2",1000,1,0.05,0.005,0,0.457087427590951,2.21
"scene",1,"gaussian","rectangular","2x2",100,1.5,0.05,0.005,0,0.44819493473352,2.23
"scene",1,"gaussian","rectangular","2x2",500,1.5,0.05,0.005,0,0.448312577847702,2.28
"scene",1,"gaussian","rectangular","2x2",1000,1.5,0.05,0.005,0,0.45070397295713,2.37
"scene",1,"gaussian","rectangular","2x2",100,1,0.1,0.005,0,0.452770227615325,2.38
"scene",1,"gaussian","rectangular","2x2",500,1,0.1,0.005,0,0.438745071748044,2.43
"scene",1,"gaussian","rectangular","2x2",1000,1,0.1,0.005,0,0.451603158873907,2.52
"scene",1,"gaussian","rectangular","2x2",100,1.5,0.1,0.005,0,0.451949370610116,2.54
"scene",1,"gaussian","rectangular","2x2",500,1.5,0.1,0.005,0,0.447666500303999,2.59
"scene",1,"gaussian","rectangular","2x2",1000,1.5,0.1,0.005,0,0.448689647932853,2.69
"scene",1,"gaussian","rectangular","2x2",100,1,0.05,0.01,0,0.447317855216077,2.7
"scene",1,"gaussian","rectangular","2x2",500,1,0.05,0.01,0,0.461053173164946,2.77
"scene",1,"gaussian","rectangular","2x2",1000,1,0.05,0.01,0,0.447442069346487,2.87
"scene",1,"gaussian","rectangular","2x2",100,1.5,0.05,0.01,0,0.449644992502841,2.88
"scene",1,"gaussian","rectangular","2x2",500,1.5,0.05,0.01,0,0.450036988816817,2.93
"scene",1,"gaussian","rectangular","2x2",1000,1.5,0.05,0.01,0,0.468173480492769,3.02
"scene",1,"gaussian","rectangular","2x2",100,1,0.1,0.01,0,0.446721587149939,3.04
"scene",1,"gaussian","rectangular","2x2",500,1,0.1,0.01,0,0.454916328618645,3.09
"scene",1,"gaussian","rectangular","2x2",1000,1,0.1,0.01,0,0.452182901556498,3.18
"scene",1,"gaussian","rectangular","2x2",100,1.5,0.1,0.01,0,0.452247682922333,3.19
"scene",1,"gaussian","rectangular","2x2",500,1.5,0.1,0.01,0,0.441565059401956,3.25
"scene",1,"gaussian","rectangular","2x2",1000,1.5,0.1,0.01,0,0.454867105826787,3.34
"scene",1,"gaussian","hexagonal","2x2",100,1,0.05,0.005,0,0.440311071669624,3.36
"scene",1,"gaussian","hexagonal","2x2",500,1,0.05,0.005,0,0.43035764809273,3.42
"scene",1,"gaussian","hexagonal","2x2",1000,1,0.05,0.005,0,0.433399527090445,3.51
"scene",1,"gaussian","hexagonal","2x2",100,1.5,0.05,0.005,0,0.437146978734783,3.53
"scene",1,"gaussian","hexagonal","2x2",500,1.5,0.05,0.005,0,0.429727725515443,3.59
"scene",1,"gaussian","hexagonal","2x2",1000,1.5,0.05,0.005,0,0.453731170257444,3.68
"scene",1,"gaussian","hexagonal","2x2",100,1,0.1,0.005,0,0.43472020783887,3.7
"scene",1,"gaussian","hexagonal","2x2",500,1,0.1,0.005,0,0.438217201545867,3.75
"scene",1,"gaussian","hexagonal","2x2",1000,1,0.1,0.005,0,0.42607405498042,3.84
"scene",1,"gaussian","hexagonal","2x2",100,1.5,0.1,0.005,0,0.445517014975823,3.85
"scene",1,"gaussian","hexagonal","2x2",500,1.5,0.1,0.005,0,0.432892115282242,3.9
"scene",1,"gaussian","hexagonal","2x2",1000,1.5,0.1,0.005,0,0.427513294739685,4
"scene",1,"gaussian","hexagonal","2x2",100,1,0.05,0.01,0,0.46974539530294,4.01
"scene",1,"gaussian","hexagonal","2x2",500,1,0.05,0.01,0,0.435379518106208,4.07
"scene",1,"gaussian","hexagonal","2x2",1000,1,0.05,0.01,0,0.435670707635557,4.16
"scene",1,"gaussian","hexagonal","2x2",100,1.5,0.05,0.01,0,0.435976989181536,4.18
"scene",1,"gaussian","hexagonal","2x2",500,1.5,0.05,0.01,0,0.443663537775892,4.23
"scene",1,"gaussian","hexagonal","2x2",1000,1.5,0.05,0.01,0,0.436133011607444,4.32
"scene",1,"gaussian","hexagonal","2x2",100,1,0.1,0.01,0,0.443143456436737,4.34
"scene",1,"gaussian","hexagonal","2x2",500,1,0.1,0.01,0,0.441369804340236,4.39
"scene",1,"gaussian","hexagonal","2x2",1000,1,0.1,0.01,0,0.438933568996274,4.48
"scene",1,"gaussian","hexagonal","2x2",100,1.5,0.1,0.01,0,0.434809412830162,4.5
"scene",1,"gaussian","hexagonal","2x2",500,1.5,0.1,0.01,0,0.429308508324944,4.56
"scene",1,"gaussian","hexagonal","2x2",1000,1.5,0.1,0.01,0,0.428781338430378,4.64
"scene",1,"bubble","rectangular","2x2",100,1,0.05,0.005,0,0.375762066441679,4.66
"scene",1,"bubble","rectangular","2x2",500,1,0.05,0.005,0,0.378556659875218,4.72
"scene",1,"bubble","rectangular","2x2",1000,1,0.05,0.005,0,0.509177939168236,4.79
"scene",1,"bubble","rectangular","2x2",100,1.5,0.05,0.005,0,0.372069124785387,4.82
"scene",1,"bubble","rectangular","2x2",500,1.5,0.05,0.005,0,0.366818014447023,4.88
"scene",1,"bubble","rectangular","2x2",1000,1.5,0.05,0.005,0,0.366336690199446,4.99
"scene",1,"bubble","rectangular","2x2",100,1,0.1,0.005,0,0.37429129864462,5
"scene",1,"bubble","rectangular","2x2",500,1,0.1,0.005,0,0.360560169288367,5.04
"scene",1,"bubble","rectangular","2x2",1000,1,0.1,0.005,0,0.3728834036584,5.13
"scene",1,"bubble","rectangular","2x2",100,1.5,0.1,0.005,0,0.365536760868064,5.15
"scene",1,"bubble","rectangular","2x2",500,1.5,0.1,0.005,0,0.362122599209533,5.21
"scene",1,"bubble","rectangular","2x2",1000,1.5,0.1,0.005,0,0.358014617087609,5.34
"scene",1,"bubble","rectangular","2x2",100,1,0.05,0.01,0,0.369856540834252,5.36
"scene",1,"bubble","rectangular","2x2",500,1,0.05,0.01,0,0.378250423780051,5.4
"scene",1,"bubble","rectangular","2x2",1000,1,0.05,0.01,0,0.380633211871961,5.5
"scene",1,"bubble","rectangular","2x2",100,1.5,0.05,0.01,0,0.364003795668392,5.51
"scene",1,"bubble","rectangular","2x2",500,1.5,0.05,0.01,0,0.363329603796991,5.58
"scene",1,"bubble","rectangular","2x2",1000,1.5,0.05,0.01,0,0.372245927478595,5.7
"scene",1,"bubble","rectangular","2x2",100,1,0.1,0.01,0,0.381637243903961,5.72
"scene",1,"bubble","rectangular","2x2",500,1,0.1,0.01,0,0.380653484238662,5.8
"scene",1,"bubble","rectangular","2x2",1000,1,0.1,0.01,0,0.527707432096808,5.9
"scene",1,"bubble","rectangular","2x2",100,1.5,0.1,0.01,0,0.358276780618474,5.92
"scene",1,"bubble","rectangular","2x2",500,1.5,0.1,0.01,0,0.367164893918481,5.99
"scene",1,"bubble","rectangular","2x2",1000,1.5,0.1,0.01,0,0.383996849363743,6.11
"scene",1,"bubble","hexagonal","2x2",100,1,0.05,0.005,0,0.368902389222746,6.13
"scene",1,"bubble","hexagonal","2x2",500,1,0.05,0.005,0,0.369176713989273,6.2
"scene",1,"bubble","hexagonal","2x2",1000,1,0.05,0.005,0,0.390101103829534,6.31
"scene",1,"bubble","hexagonal","2x2",100,1.5,0.05,0.005,0,0.373446857703474,6.33
"scene",1,"bubble","hexagonal","2x2",500,1.5,0.05,0.005,0,0.362110840841635,6.39
"scene",1,"bubble","hexagonal","2x2",1000,1.5,0.05,0.005,0,0.371519262794294,6.5
"scene",1,"bubble","hexagonal","2x2",100,1,0.1,0.005,0,0.360065965189899,6.52
"scene",1,"bubble","hexagonal","2x2",500,1,0.1,0.005,0,0.369063421412086,6.56
"scene",1,"bubble","hexagonal","2x2",1000,1,0.1,0.005,0,0.380731046544093,6.66
"scene",1,"bubble","hexagonal","2x2",100,1.5,0.1,0.005,0,0.378451673397653,6.68
"scene",1,"bubble","hexagonal","2x2",500,1.5,0.1,0.005,0,0.358164739114698,6.74
"scene",1,"bubble","hexagonal","2x2",1000,1.5,0.1,0.005,0,0.380369062194316,6.86
"scene",1,"bubble","hexagonal","2x2",100,1,0.05,0.01,0,0.371568913939439,6.87
"scene",1,"bubble","hexagonal","2x2",500,1,0.05,0.01,1,0.554751576682349,6.92
"scene",1,"bubble","hexagonal","2x2",1000,1,0.05,0.01,0,0.371793447243582,7.01
"scene",1,"bubble","hexagonal","2x2",100,1.5,0.05,0.01,0,0.383288522931077,7.02
"scene",1,"bubble","hexagonal","2x2",500,1.5,0.05,0.01,0,0.358450194725301,7.08
"scene",1,"bubble","hexagonal","2x2",1000,1.5,0.05,0.01,0,0.379373404925411,7.21
"scene",1,"bubble","hexagonal","2x2",100,1,0.1,0.01,0,0.381615138685398,7.23
"scene",1,"bubble","hexagonal","2x2",500,1,0.1,0.01,0,0.38079702200136,7.29
"scene",1,"bubble","hexagonal","2x2",1000,1,0.1,0.01,0,0.379237897748076,7.38
"scene",1,"bubble","hexagonal","2x2",100,1.5,0.1,0.01,0,0.366490703843935,7.39
"scene",1,"bubble","hexagonal","2x2",500,1.5,0.1,0.01,0,0.372222627541929,7.44
"scene",1,"bubble","hexagonal","2x2",1000,1.5,0.1,0.01,0,0.373398585887229,7.55
"emotions",2,"gaussian","rectangular","2x2",100,1,0.05,0.005,0,0.587829748476944,7.55
"emotions",2,"gaussian","rectangular","2x2",500,1,0.05,0.005,0,0.587171356466467,7.57
"emotions",2,"gaussian","rectangular","2x2",1000,1,0.05,0.005,0,0.579612379350556,7.59
"emotions",2,"gaussian","rectangular","2x2",100,1.5,0.05,0.005,0,0.622060274997882,7.6
"emotions",2,"gaussian","rectangular","2x2",500,1.5,0.05,0.005,0,0.589703921148951,7.62
"emotions",2,"gaussian","rectangular","2x2",1000,1.5,0.05,0.005,0,0.588970615403122,7.64
"emotions",2,"gaussian","rectangular","2x2",100,1,0.1,0.005,0,0.577408743600799,7.66
"emotions",2,"gaussian","rectangular","2x2",500,1,0.1,0.005,0,0.578397289694191,7.68
"emotions",2,"gaussian","rectangular","2x2",1000,1,0.1,0.005,0,0.574677895580473,7.7
"emotions",2,"gaussian","rectangular","2x2",100,1.5,0.1,0.005,0,0.581496831250987,7.7
"emotions",2,"gaussian","rectangular","2x2",500,1.5,0.1,0.005,0,0.586052123765866,7.72
"emotions",2,"gaussian","rectangular","2x2",1000,1.5,0.1,0.005,0,0.571679897203065,7.74
"emotions",2,"gaussian","rectangular","2x2",100,1,0.05,0.01,0,0.570160396086698,7.75
"emotions",2,"gaussian","rectangular","2x2",500,1,0.05,0.01,0,0.573590787542028,7.76
"emotions",2,"gaussian","rectangular","2x2",1000,1,0.05,0.01,0,0.578529967737667,7.78
"emotions",2,"gaussian","rectangular","2x2",100,1.5,0.05,0.01,0,0.574034494417428,7.79
"emotions",2,"gaussian","rectangular","2x2",500,1.5,0.05,0.01,0,0.585645621262822,7.81
"emotions",2,"gaussian","rectangular","2x2",1000,1.5,0.05,0.01,0,0.576722510540087,7.83
"emotions",2,"gaussian","rectangular","2x2",100,1,0.1,0.01,0,0.582835892358573,7.84
"emotions",2,"gaussian","rectangular","2x2",500,1,0.1,0.01,0,0.571202012488349,7.85
"emotions",2,"gaussian","rectangular","2x2",1000,1,0.1,0.01,0,0.574429993312292,7.88
"emotions",2,"gaussian","rectangular","2x2",100,1.5,0.1,0.01,0,0.589926675561387,7.88
"emotions",2,"gaussian","rectangular","2x2",500,1.5,0.1,0.01,0,0.575455670376569,7.9
"emotions",2,"gaussian","rectangular","2x2",1000,1.5,0.1,0.01,0,0.578046132595646,7.92
"emotions",2,"gaussian","hexagonal","2x2",100,1,0.05,0.005,0,0.575650297330976,7.93
"emotions",2,"gaussian","hexagonal","2x2",500,1,0.05,0.005,0,0.560380916115621,7.94
"emotions",2,"gaussian","hexagonal","2x2",1000,1,0.05,0.005,0,0.562074232695571,7.96
"emotions",2,"gaussian","hexagonal","2x2",100,1.5,0.05,0.005,0,0.536141009175566,7.97
"emotions",2,"gaussian","hexagonal","2x2",500,1.5,0.05,0.005,0,0.547080455575634,7.98
"emotions",2,"gaussian","hexagonal","2x2",1000,1.5,0.05,0.005,0,0.541456164775376,8.01
"emotions",2,"gaussian","hexagonal","2x2",100,1,0.1,0.005,0,0.559609097169568,8.02
"emotions",2,"gaussian","hexagonal","2x2",500,1,0.1,0.005,0,0.539233439826647,8.03
"emotions",2,"gaussian","hexagonal","2x2",1000,1,0.1,0.005,0,0.539747884392071,8.06
"emotions",2,"gaussian","hexagonal","2x2",100,1.5,0.1,0.005,0,0.543333423481086,8.06
"emotions",2,"gaussian","hexagonal","2x2",500,1.5,0.1,0.005,0,0.532864078297808,8.08
"emotions",2,"gaussian","hexagonal","2x2",1000,1.5,0.1,0.005,0,0.534269353910972,8.1
"emotions",2,"gaussian","hexagonal","2x2",100,1,0.05,0.01,0,0.564786598452483,8.11
"emotions",2,"gaussian","hexagonal","2x2",500,1,0.05,0.01,0,0.575457018658303,8.12
"emotions",2,"gaussian","hexagonal","2x2",1000,1,0.05,0.01,0,0.545960701562289,8.15
"emotions",2,"gaussian","hexagonal","2x2",100,1.5,0.05,0.01,0,0.544330074582712,8.16
"emotions",2,"gaussian","hexagonal","2x2",500,1.5,0.05,0.01,0,0.549632683962317,8.18
"emotions",2,"gaussian","hexagonal","2x2",1000,1.5,0.05,0.01,0,0.542976499149532,8.21
"emotions",2,"gaussian","hexagonal","2x2",100,1,0.1,0.01,0,0.551755712876639,8.22
"emotions",2,"gaussian","hexagonal","2x2",500,1,0.1,0.01,0,0.561868032362955,8.23
"emotions",2,"gaussian","hexagonal","2x2",1000,1,0.1,0.01,0,0.558690069552025,8.26
"emotions",2,"gaussian","hexagonal","2x2",100,1.5,0.1,0.01,0,0.540786514901022,8.26
"emotions",2,"gaussian","hexagonal","2x2",500,1.5,0.1,0.01,0,0.551638781860524,8.28
"emotions",2,"gaussian","hexagonal","2x2",1000,1.5,0.1,0.01,0,0.542933967453788,8.3
"emotions",2,"bubble","rectangular","2x2",100,1,0.05,0.005,0,0.462720124653259,8.31
"emotions",2,"bubble","rectangular","2x2",500,1,0.05,0.005,0,0.462118792943611,8.32
"emotions",2,"bubble","rectangular","2x2",1000,1,0.05,0.005,0,0.476289364796477,8.34
"emotions",2,"bubble","rectangular","2x2",100,1.5,0.05,0.005,0,0.461518246520693,8.34
"emotions",2,"bubble","rectangular","2x2",500,1.5,0.05,0.005,0,0.479553182102334,8.35
"emotions",2,"bubble","rectangular","2x2",1000,1.5,0.05,0.005,0,0.481685244586178,8.38
"emotions",2,"bubble","rectangular","2x2",100,1,0.1,0.005,0,0.476262728760133,8.38
"emotions",2,"bubble","rectangular","2x2",500,1,0.1,0.005,0,0.461449734928415,8.4
"emotions",2,"bubble","rectangular","2x2",1000,1,0.1,0.005,0,0.475411051012329,8.42
"emotions",2,"bubble","rectangular","2x2",100,1.5,0.1,0.005,0,0.494448186391914,8.42
"emotions",2,"bubble","rectangular","2x2",500,1.5,0.1,0.005,0,0.461608886333238,8.43
"emotions",2,"bubble","rectangular","2x2",1000,1.5,0.1,0.005,0,0.461002856999781,8.46
"emotions",2,"bubble","rectangular","2x2",100,1,0.05,0.01,0,0.477673934005987,8.46
"emotions",2,"bubble","rectangular","2x2",500,1,0.05,0.01,0,0.464168291035048,8.48
"emotions",2,"bubble","rectangular","2x2",1000,1,0.05,0.01,0,0.461861882441732,8.5
"emotions",2,"bubble","rectangular","2x2",100,1.5,0.05,0.01,0,0.47998936056712,8.5
"emotions",2,"bubble","rectangular","2x2",500,1.5,0.05,0.01,0,0.461007888139235,8.52
"emotions",2,"bubble","rectangular","2x2",1000,1.5,0.05,0.01,0,0.48118381539363,8.54
"emotions",2,"bubble","rectangular","2x2",100,1,0.1,0.01,0,0.464066672487146,8.54
"emotions",2,"bubble","rectangular","2x2",500,1,0.1,0.01,0,0.46152292926551,8.55
"emotions",2,"bubble","rectangular","2x2",1000,1,0.1,0.01,0,0.481371993701822,8.57
"emotions",2,"bubble","rectangular","2x2",100,1.5,0.1,0.01,0,0.462411665674745,8.58
"emotions",2,"bubble","rectangular","2x2",500,1.5,0.1,0.01,0,0.458886140189898,8.59
"emotions",2,"bubble","rectangular","2x2",1000,1.5,0.1,0.01,0,0.463340061120522,8.61
"emotions",2,"bubble","hexagonal","2x2",100,1,0.05,0.005,0,0.461726309601675,8.63
"emotions",2,"bubble","hexagonal","2x2",500,1,0.05,0.005,0,0.457826433252656,8.64
"emotions",2,"bubble","hexagonal","2x2",1000,1,0.05,0.005,0,0.460646061669802,8.66
"emotions",2,"bubble","hexagonal","2x2",100,1.5,0.05,0.005,0,0.492605702172363,8.67
"emotions",2,"bubble","hexagonal","2x2",500,1.5,0.05,0.005,0,0.479295276325551,8.68
"emotions",2,"bubble","hexagonal","2x2",1000,1.5,0.05,0.005,0,0.456360275017887,8.7
"emotions",2,"bubble","hexagonal","2x2",100,1,0.1,0.005,0,0.47883892605835,8.7
"emotions",2,"bubble","hexagonal","2x2",500,1,0.1,0.005,0,0.476970712812647,8.71
"emotions",2,"bubble","hexagonal","2x2",1000,1,0.1,0.005,0,0.458384489768155,8.73
"emotions",2,"bubble","hexagonal","2x2",100,1.5,0.1,0.005,0,0.493709089065705,8.74
"emotions",2,"bubble","hexagonal","2x2",500,1.5,0.1,0.005,0,0.479510103300569,8.75
"emotions",2,"bubble","hexagonal","2x2",1000,1.5,0.1,0.005,0,0.492744399541169,8.77
"emotions",2,"bubble","hexagonal","2x2",100,1,0.05,0.01,0,0.462090441587152,8.77
"emotions",2,"bubble","hexagonal","2x2",500,1,0.05,0.01,0,0.462373390355045,8.79
"emotions",2,"bubble","hexagonal","2x2",1000,1,0.05,0.01,0,0.457294052935001,8.81
"emotions",2,"bubble","hexagonal","2x2",100,1.5,0.05,0.01,0,0.460608481106747,8.81
"emotions",2,"bubble","hexagonal","2x2",500,1.5,0.05,0.01,0,0.458157533911893,8.82
"emotions",2,"bubble","hexagonal","2x2",1000,1.5,0.05,0.01,0,0.481272549820058,8.84
"emotions",2,"bubble","hexagonal","2x2",100,1,0.1,0.01,0,0.461616137360193,8.85
"emotions",2,"bubble","hexagonal","2x2",500,1,0.1,0.01,0,0.464700058004649,8.86
"emotions",2,"bubble","hexagonal","2x2",1000,1,0.1,0.01,0,0.460027570182694,8.88
"emotions",2,"bubble","hexagonal","2x2",100,1.5,0.1,0.01,0,0.494976793513373,8.89
"emotions",2,"bubble","hexagonal","2x2",500,1.5,0.1,0.01,0,0.492667712135991,8.9
"emotions",2,"bubble","hexagonal","2x2",1000,1.5,0.1,0.01,0,0.459303448591281,8.92
"scene",2,"gaussian","rectangular","2x2",100,1,0.05,0.005,0,0.449008834792348,8.94
"scene",2,"gaussian","rectangular","2x2",500,1,0.05,0.005,0,0.457079523265354,8.99
"scene",2,"gaussian","rectangular","2x2",1000,1,0.05,0.005,0,0.454258105604119,9.08
"scene",2,"gaussian","rectangular","2x2",100,1.5,0.05,0.005,0,0.441820960814898,9.11
"scene",2,"gaussian","rectangular","2x2",500,1.5,0.05,0.005,0,0.447965030884581,9.18
"scene",2,"gaussian","rectangular","2x2",1000,1.5,0.05,0.005,0,0.470042203497359,9.27
"scene",2,"gaussian","rectangular","2x2",100,1,0.1,0.005,0,0.45850461812081,9.28
"scene",2,"gaussian","rectangular","2x2",500,1,0.1,0.005,0,0.457326957588378,9.35
"scene",2,"gaussian","rectangular","2x2",1000,1,0.1,0.005,0,0.46159460451854,9.45
"scene",2,"gaussian","rectangular","2x2",100,1.5,0.1,0.005,0,0.454389620718132,9.47
"scene",2,"gaussian","rectangular","2x2",500,1.5,0.1,0.005,0,0.454435021124154,9.52
"scene",2,"gaussian","rectangular","2x2",1000,1.5,0.1,0.005,0,0.451689329817674,9.63
"scene",2,"gaussian","rectangular","2x2",100,1,0.05,0.01,0,0.446911063677577,9.65
"scene",2,"gaussian","rectangular","2x2",500,1,0.05,0.01,0,0.472035966983796,9.7
"scene",2,"gaussian","rectangular","2x2",1000,1,0.05,0.01,0,0.452635461770796,9.8
"scene",2,"gaussian","rectangular","2x2",100,1.5,0.05,0.01,0,0.45962030423975,9.83
"scene",2,"gaussian","rectangular","2x2",500,1.5,0.05,0.01,0,0.461736871792315,9.88
"scene",2,"gaussian","rectangular","2x2",1000,1.5,0.05,0.01,0,0.454825391726186,9.98
"scene",2,"gaussian","rectangular","2x2",100,1,0.1,0.01,0,0.463846856221774,10
"scene",2,"gaussian","rectangular","2x2",500,1,0.1,0.01,0,0.454311080886175,10.05
"scene",2,"gaussian","rectangular","2x2",1000,1,0.1,0.01,0,0.441169604632995,10.15
"scene",2,"gaussian","rectangular","2x2",100,1.5,0.1,0.01,0,0.45062105942543,10.17
"scene",2,"gaussian","rectangular","2x2",500,1.5,0.1,0.01,0,0.442556664448953,10.22
"scene",2,"gaussian","rectangular","2x2",1000,1.5,0.1,0.01,0,0.440217908438658,10.32
"scene",2,"gaussian","hexagonal","2x2",100,1,0.05,0.005,0,0.438442835829949,10.34
"scene",2,"gaussian","hexagonal","2x2",500,1,0.05,0.005,0,0.451659544261856,10.39
"scene",2,"gaussian","hexagonal","2x2",1000,1,0.05,0.005,0,0.441615123783431,10.49
"scene",2,"gaussian","hexagonal","2x2",100,1.5,0.05,0.005,0,0.445743120550542,10.52
"scene",2,"gaussian","hexagonal","2x2",500,1.5,0.05,0.005,0,0.430463557096743,10.57
"scene",2,"gaussian","hexagonal","2x2",1000,1.5,0.05,0.005,0,0.439827675031553,10.66
"scene",2,"gaussian","hexagonal","2x2",100,1,0.1,0.005,0,0.437065283551738,10.68
"scene",2,"gaussian","hexagonal","2x2",500,1,0.1,0.005,0,0.444071021957291,10.72
"scene",2,"gaussian","hexagonal","2x2",1000,1,0.1,0.005,0,0.434119755781244,10.81
"scene",2,"gaussian","hexagonal","2x2",100,1.5,0.1,0.005,0,0.425017764566977,10.83
"scene",2,"gaussian","hexagonal","2x2",500,1.5,0.1,0.005,0,0.435451631552164,10.88
"scene",2,"gaussian","hexagonal","2x2",1000,1.5,0.1,0.005,0,0.43411723629574,10.96
"scene",2,"gaussian","hexagonal","2x2",100,1,0.05,0.01,0,0.465322560301809,10.98
"scene",2,"gaussian","hexagonal","2x2",500,1,0.05,0.01,0,0.439571376885333,11.04
"scene",2,"gaussian","hexagonal","2x2",1000,1,0.05,0.01,0,0.423389329313616,11.13
"scene",2,"gaussian","hexagonal","2x2",100,1.5,0.05,0.01,0,0.445802257839843,11.17
"scene",2,"gaussian","hexagonal","2x2",500,1.5,0.05,0.01,0,0.438246301069407,11.22
"scene",2,"gaussian","hexagonal","2x2",1000,1.5,0.05,0.01,0,0.433184611158887,11.3
"scene",2,"gaussian","hexagonal","2x2",100,1,0.1,0.01,0,0.425046006606802,11.32
"scene",2,"gaussian","hexagonal","2x2",500,1,0.1,0.01,0,0.430662546655727,11.37
"scene",2,"gaussian","hexagonal","2x2",1000,1,0.1,0.01,0,0.441816805526965,11.47
"scene",2,"gaussian","hexagonal","2x2",100,1.5,0.1,0.01,0,0.456881557804284,11.49
"scene",2,"gaussian","hexagonal","2x2",500,1.5,0.1,0.01,0,0.428197951492049,11.54
"scene",2,"gaussian","hexagonal","2x2",1000,1.5,0.1,0.01,0,0.434781996388475,11.62
"scene",2,"bubble","rectangular","2x2",100,1,0.05,0.005,0,0.382002852620145,11.64
"scene",2,"bubble","rectangular","2x2",500,1,0.05,0.005,0,0.393596456028922,11.69
"scene",2,"bubble","rectangular","2x2",1000,1,0.05,0.005,0,0.371726965603726,11.77
"scene",2,"bubble","rectangular","2x2",100,1.5,0.05,0.005,0,0.37052383546622,11.84
"scene",2,"bubble","rectangular","2x2",500,1.5,0.05,0.005,0,0.367440418085794,11.89
"scene",2,"bubble","rectangular","2x2",1000,1.5,0.05,0.005,0,0.358932641563158,12
"scene",2,"bubble","rectangular","2x2",100,1,0.1,0.005,0,0.526401973319704,12.01
"scene",2,"bubble","rectangular","2x2",500,1,0.1,0.005,0,0.383242567842714,12.06
"scene",2,"bubble","rectangular","2x2",1000,1,0.1,0.005,0,0.369964423127793,12.14
"scene",2,"bubble","rectangular","2x2",100,1.5,0.1,0.005,0,0.38796079903113,12.15
"scene",2,"bubble","rectangular","2x2",500,1.5,0.1,0.005,0,0.35840744197918,12.21
"scene",2,"bubble","rectangular","2x2",1000,1.5,0.1,0.005,0,0.391252903539296,12.32
"scene",2,"bubble","rectangular","2x2",100,1,0.05,0.01,0,0.538435937249758,12.33
"scene",2,"bubble","rectangular","2x2",500,1,0.05,0.01,0,0.389115780197848,12.39
"scene",2,"bubble","rectangular","2x2",1000,1,0.05,0.01,0,0.38772307963926,12.47
"scene",2,"bubble","rectangular","2x2",100,1.5,0.05,0.01,0,0.395143406261924,12.48
"scene",2,"bubble","rectangular","2x2",500,1.5,0.05,0.01,0,0.366161707702636,12.55
"scene",2,"bubble","rectangular","2x2",1000,1.5,0.05,0.01,0,0.373576384992353,12.65
"scene",2,"bubble","rectangular","2x2",100,1,0.1,0.01,0,0.382033949228268,12.67
"scene",2,"bubble","rectangular","2x2",500,1,0.1,0.01,0,0.360872950075476,12.72
"scene",2,"bubble","rectangular","2x2",1000,1,0.1,0.01,0,0.374072903253149,12.8
"scene",2,"bubble","rectangular","2x2",100,1.5,0.1,0.01,0,0.360361159911424,12.82
"scene",2,"bubble","rectangular","2x2",500,1.5,0.1,0.01,0,0.36317350403016,12.88
"scene",2,"bubble","rectangular","2x2",1000,1.5,0.1,0.01,0,0.360927555752813,12.98
"scene",2,"bubble","hexagonal","2x2",100,1,0.05,0.005,0,0.361104312975921,13
"scene",2,"bubble","hexagonal","2x2",500,1,0.05,0.005,0,0.382530430976415,13.04
"scene",2,"bubble","hexagonal","2x2",1000,1,0.05,0.005,0,0.370722519492228,13.13
"scene",2,"bubble","hexagonal","2x2",100,1.5,0.05,0.005,0,0.383733547461899,13.15
"scene",2,"bubble","hexagonal","2x2",500,1.5,0.05,0.005,0,0.37044135384712,13.21
"scene",2,"bubble","hexagonal","2x2",1000,1.5,0.05,0.005,0,0.383898393653982,13.31
"scene",2,"bubble","hexagonal","2x2",100,1,0.1,0.005,1,0.530998172936563,13.32
"scene",2,"bubble","hexagonal","2x2",500,1,0.1,0.005,0,0.381524652744805,13.36
"scene",2,"bubble","hexagonal","2x2",1000,1,0.1,0.005,0,0.371870600497627,13.43
"scene",2,"bubble","hexagonal","2x2",100,1.5,0.1,0.005,0,0.382341878021559,13.45
"scene",2,"bubble","hexagonal","2x2",500,1.5,0.1,0.005,0,0.366105899040182,13.51
"scene",2,"bubble","hexagonal","2x2",1000,1.5,0.1,0.005,0,0.381015547897245,13.61
"scene",2,"bubble","hexagonal","2x2",100,1,0.05,0.01,0,0.361326219487586,13.63
"scene",2,"bubble","hexagonal","2x2",500,1,0.05,0.01,0,0.391941666586488,13.67
"scene",2,"bubble","hexagonal","2x2",1000,1,0.05,0.01,0,0.391465169146593,13.77
"scene",2,"bubble","hexagonal","2x2",100,1.5,0.05,0.01,0,0.383590997393505,13.79
"scene",2,"bubble","hexagonal","2x2",500,1.5,0.05,0.01,0,0.382004900173871,13.85
"scene",2,"bubble","hexagonal","2x2",1000,1.5,0.05,0.01,0,0.383991660604018,13.95
"scene",2,"bubble","hexagonal","2x2",100,1,0.1,0.01,0,0.374023511907884,13.96
"scene",2,"bubble","hexagonal","2x2",500,1,0.1,0.01,0,0.372090410163587,14.02
"scene",2,"bubble","hexagonal","2x2",1000,1,0.1,0.01,0,0.36244283491648,14.09
"scene",2,"bubble","hexagonal","2x2",100,1.5,0.1,0.01,0,0.379507944888615,14.11
"scene",2,"bubble","hexagonal","2x2",500,1.5,0.1,0.01,0,0.380701605166353,14.16
"scene",2,"bubble","hexagonal","2x2",1000,1.5,0.1,0.01,0,0.370196600967713,14.26
"emotions",3,"gaussian","rectangular","2x2",100,1,0.05,0.005,0,0.57691806806865,14.27
"emotions",3,"gaussian","rectangular","2x2",500,1,0.05,0.005,0,0.576817971463733,14.28
"emotions",3,"gaussian","rectangular","2x2",1000,1,0.05,0.005,0,0.576842769018629,14.3
"emotions",3,"gaussian","rectangular","2x2",100,1.5,0.05,0.005,0,0.595165639681173,14.31
"emotions",3,"gaussian","rectangular","2x2",500,1.5,0.05,0.005,0,0.582860275079658,14.32
"emotions",3,"gaussian","rectangular","2x2",1000,1.5,0.05,0.005,0,0.59943351533588,14.34
"emotions",3,"gaussian","rectangular","2x2",100,1,0.1,0.005,0,0.572283915273331,14.35
"emotions",3,"gaussian","rectangular","2x2",500,1,0.1,0.005,0,0.573706278195579,14.36
"emotions",3,"gaussian","rectangular","2x2",1000,1,0.1,0.005,0,0.573713064399626,14.39
"emotions",3,"gaussian","rectangular","2x2",100,1.5,0.1,0.005,0,0.586825167776099,14.39
"emotions",3,"gaussian","rectangular","2x2",500,1.5,0.1,0.005,0,0.611638338940211,14.41
"emotions",3,"gaussian","rectangular","2x2",1000,1.5,0.1,0.005,0,0.573371095122555,14.43
"emotions",3,"gaussian","rectangular","2x2",100,1,0.05,0.01,0,0.581617162840842,14.44
"emotions",3,"gaussian","rectangular","2x2",500,1,0.05,0.01,0,0.609694033396046,14.46
"emotions",3,"gaussian","rectangular","2x2",1000,1,0.05,0.01,0,0.573533006085401,14.49
"emotions",3,"gaussian","rectangular","2x2",100,1.5,0.05,0.01,0,0.602515022363222,14.49
"emotions",3,"gaussian","rectangular","2x2",500,1.5,0.05,0.01,0,0.600171482899509,14.51
"emotions",3,"gaussian","rectangular","2x2",1000,1.5,0.05,0.01,0,0.575004338068474,14.53
"emotions",3,"gaussian","rectangular","2x2",100,1,0.1,0.01,0,0.565163853404531,14.53
"emotions",3,"gaussian","rectangular","2x2",500,1,0.1,0.01,0,0.573736679150395,14.55
"emotions",3,"gaussian","rectangular","2x2",1000,1,0.1,0.01,0,0.573053152770037,14.57
"emotions",3,"gaussian","rectangular","2x2",100,1.5,0.1,0.01,0,0.606881524054622,14.58
"emotions",3,"gaussian","rectangular","2x2",500,1.5,0.1,0.01,0,0.598475903288523,14.59
"emotions",3,"gaussian","rectangular","2x2",1000,1.5,0.1,0.01,0,0.58502650763168,14.61
"emotions",3,"gaussian","hexagonal","2x2",100,1,0.05,0.005,0,0.545090569420015,14.62
"emotions",3,"gaussian","hexagonal","2x2",500,1,0.05,0.005,0,0.540645711339388,14.64
"emotions",3,"gaussian","hexagonal","2x2",1000,1,0.05,0.005,0,0.544476035366698,14.66
"emotions",3,"gaussian","hexagonal","2x2",100,1.5,0.05,0.005,0,0.540741094572395,14.66
"emotions",3,"gaussian","hexagonal","2x2",500,1.5,0.05,0.005,0,0.556175109107351,14.68
"emotions",3,"gaussian","hexagonal","2x2",1000,1.5,0.05,0.005,0,0.556208550579934,14.7
"emotions",3,"gaussian","hexagonal","2x2",100,1,0.1,0.005,0,0.542137153712681,14.71
"emotions",3,"gaussian","hexagonal","2x2",500,1,0.1,0.005,0,0.544003440904462,14.72
"emotions",3,"gaussian","hexagonal","2x2",1000,1,0.1,0.005,0,0.536013138575861,14.75
"emotions",3,"gaussian","hexagonal","2x2",100,1.5,0.1,0.005,0,0.550788202496708,14.75
"emotions",3,"gaussian","hexagonal","2x2",500,1.5,0.1,0.005,0,0.543353922070713,14.77
"emotions",3,"gaussian","hexagonal","2x2",1000,1.5,0.1,0.005,0,0.533851171158671,14.79
"emotions",3,"gaussian","hexagonal","2x2",100,1,0.05,0.01,0,0.585946702742986,14.8
"emotions",3,"gaussian","hexagonal","2x2",500,1,0.05,0.01,0,0.569731161990294,14.81
"emotions",3,"gaussian","hexagonal","2x2",1000,1,0.05,0.01,0,0.553462335840962,14.83
"emotions",3,"gaussian","hexagonal","2x2",100,1.5,0.05,0.01,0,0.553787711273848,14.84
"emotions",3,"gaussian","hexagonal","2x2",500,1.5,0.05,0.01,0,0.540430621228299,14.85
"emotions",3,"gaussian","hexagonal","2x2",1000,1.5,0.05,0.01,0,0.555694114686134,14.87
"emotions",3,"gaussian","hexagonal","2x2",100,1,0.1,0.01,0,0.543386814756113,14.88
"emotions",3,"gaussian","hexagonal","2x2",500,1,0.1,0.01,0,0.54222493125255,14.89
"emotions",3,"gaussian","hexagonal","2x2",1000,1,0.1,0.01,0,0.545824134681952,14.92
"emotions",3,"gaussian","hexagonal","2x2",100,1.5,0.1,0.01,0,0.540124779647664,14.92
"emotions",3,"gaussian","hexagonal","2x2",500,1.5,0.1,0.01,0,0.542266456960735,14.95
"emotions",3,"gaussian","hexagonal","2x2",1000,1.5,0.1,0.01,0,0.534379931082541,14.97
"emotions",3,"bubble","rectangular","2x2",100,1,0.05,0.005,0,0.464840090318391,14.98
"emotions",3,"bubble","rectangular","2x2",500,1,0.05,0.005,0,0.460038904166769,14.99
"emotions",3,"bubble","rectangular","2x2",1000,1,0.05,0.005,0,0.49798410744,15.01
"emotions",3,"bubble","rectangular","2x2",100,1.5,0.05,0.005,0,0.480184988953383,15.02
"emotions",3,"bubble","rectangular","2x2",500,1.5,0.05,0.005,0,0.46502827940078,15.03
"emotions",3,"bubble","rectangular","2x2",1000,1.5,0.05,0.005,0,0.459038322192663,15.05
"emotions",3,"bubble","rectangular","2x2",100,1,0.1,0.005,0,0.461957038684631,15.06
"emotions",3,"bubble","rectangular","2x2",500,1,0.1,0.005,0,0.459066815705193,15.07
"emotions",3,"bubble","rectangular","2x2",1000,1,0.1,0.005,0,0.467101772006618,15.09
"emotions",3,"bubble","rectangular","2x2",100,1.5,0.1,0.005,0,0.484348578932011,15.1
"emotions",3,"bubble","rectangular","2x2",500,1.5,0.1,0.005,0,0.483041802416118,15.11
"emotions",3,"bubble","rectangular","2x2",1000,1.5,0.1,0.005,0,0.458168201740379,15.13
"emotions",3,"bubble","rectangular","2x2",100,1,0.05,0.01,0,0.458488895784576,15.14
"emotions",3,"bubble","rectangular","2x2",500,1,0.05,0.01,0,0.498950112346539,15.14
"emotions",3,"bubble","rectangular","2x2",1000,1,0.05,0.01,0,0.460384842270956,15.16
"emotions",3,"bubble","rectangular","2x2",100,1.5,0.05,0.01,0,0.482369248986692,15.17
"emotions",3,"bubble","rectangular","2x2",500,1.5,0.05,0.01,0,0.484817488501121,15.18
"emotions",3,"bubble","rectangular","2x2",1000,1.5,0.05,0.01,0,0.460124012194718,15.2
"emotions",3,"bubble","rectangular","2x2",100,1,0.1,0.01,0,0.485168989500711,15.21
"emotions",3,"bubble","rectangular","2x2",500,1,0.1,0.01,0,0.461903146708173,15.23
"emotions",3,"bubble","rectangular","2x2",1000,1,0.1,0.01,0,0.460328502398476,15.28
"emotions",3,"bubble","rectangular","2x2",100,1.5,0.1,0.01,0,0.45856994126349,15.28
"emotions",3,"bubble","rectangular","2x2",500,1.5,0.1,0.01,0,0.480996990826823,15.3
"emotions",3,"bubble","rectangular","2x2",1000,1.5,0.1,0.01,0,0.485341627569856,15.32
"emotions",3,"bubble","hexagonal","2x2",100,1,0.05,0.005,0,0.482156252334153,15.32
"emotions",3,"bubble","hexagonal","2x2",500,1,0.05,0.005,0,0.458448123907774,15.33
"emotions",3,"bubble","hexagonal","2x2",1000,1,0.05,0.005,0,0.459323588301513,15.35
"emotions",3,"bubble","hexagonal","2x2",100,1.5,0.05,0.005,0,0.460655084408576,15.36
"emotions",3,"bubble","hexagonal","2x2",500,1.5,0.05,0.005,0,0.49750066843654,15.37
"emotions",3,"bubble","hexagonal","2x2",1000,1.5,0.05,0.005,0,0.49901349261181,15.39
"emotions",3,"bubble","hexagonal","2x2",100,1,0.1,0.005,0,0.499177377554264,15.39
"emotions",3,"bubble","hexagonal","2x2",500,1,0.1,0.005,0,0.459828322291333,15.4
"emotions",3,"bubble","hexagonal","2x2",1000,1,0.1,0.005,0,0.466391749870283,15.44
"emotions",3,"bubble","hexagonal","2x2",100,1.5,0.1,0.005,0,0.497125961320948,15.44
"emotions",3,"bubble","hexagonal","2x2",500,1.5,0.1,0.005,0,0.465323974832376,15.45
"emotions",3,"bubble","hexagonal","2x2",1000,1.5,0.1,0.005,0,0.497945244817334,15.47
"emotions",3,"bubble","hexagonal","2x2",100,1,0.05,0.01,0,0.481241865848905,15.48
"emotions",3,"bubble","hexagonal","2x2",500,1,0.05,0.01,0,0.482108878153632,15.49
"emotions",3,"bubble","hexagonal","2x2",1000,1,0.05,0.01,0,0.461098476257729,15.51
"emotions",3,"bubble","hexagonal","2x2",100,1.5,0.05,0.01,0,0.460115447804617,15.51
"emotions",3,"bubble","hexagonal","2x2",500,1.5,0.05,0.01,0,0.497011386682748,15.52
"emotions",3,"bubble","hexagonal","2x2",1000,1.5,0.05,0.01,0,0.524826843157892,15.54
"emotions",3,"bubble","hexagonal","2x2",100,1,0.1,0.01,0,0.480829949575739,15.55
"emotions",3,"bubble","hexagonal","2x2",500,1,0.1,0.01,0,0.462600911536059,15.56
"emotions",3,"bubble","hexagonal","2x2",1000,1,0.1,0.01,0,0.468564674759762,15.58
"emotions",3,"bubble","hexagonal","2x2",100,1.5,0.1,0.01,0,0.498016488298899,15.59
"emotions",3,"bubble","hexagonal","2x2",500,1.5,0.1,0.01,0,0.498787476954932,15.6
"emotions",3,"bubble","hexagonal","2x2",1000,1.5,0.1,0.01,0,0.46199169958561,15.62
"scene",3,"gaussian","rectangular","2x2",100,1,0.05,0.005,0,0.456388351454984,15.64
"scene",3,"gaussian","rectangular","2x2",500,1,0.05,0.005,0,0.451931088473823,15.69
"scene",3,"gaussian","rectangular","2x2",1000,1,0.05,0.005,0,0.453911521239022,15.78
"scene",3,"gaussian","rectangular","2x2",100,1.5,0.05,0.005,0,0.449922142226059,15.79
"scene",3,"gaussian","rectangular","2x2",500,1.5,0.05,0.005,0,0.457102737275397,15.84
"scene",3,"gaussian","rectangular","2x2",1000,1.5,0.05,0.005,0,0.453566846967502,15.93
"scene",3,"gaussian","rectangular","2x2",100,1,0.1,0.005,0,0.447682758842805,15.96
"scene",3,"gaussian","rectangular","2x2",500,1,0.1,0.005,0,0.449586636126415,16.01
"scene",3,"gaussian","rectangular","2x2",1000,1,0.1,0.005,0,0.457265361810949,16.09
"scene",3,"gaussian","rectangular","2x2",100,1.5,0.1,0.005,0,0.452006788900807,16.11
"scene",3,"gaussian","rectangular","2x2",500,1.5,0.1,0.005,0,0.452157376920945,16.16
"scene",3,"gaussian","rectangular","2x2",1000,1.5,0.1,0.005,0,0.440396811127412,16.25
"scene",3,"gaussian","rectangular","2x2",100,1,0.05,0.01,0,0.477179663536244,16.27
"scene",3,"gaussian","rectangular","2x2",500,1,0.05,0.01,0,0.458597189429244,16.31
"scene",3,"gaussian","rectangular","2x2",1000,1,0.05,0.01,0,0.456492532010341,16.4
"scene",3,"gaussian","rectangular","2x2",100,1.5,0.05,0.01,0,0.463830831486491,16.42
"scene",3,"gaussian","rectangular","2x2",500,1.5,0.05,0.01,0,0.453145900172756,16.47
"scene",3,"gaussian","rectangular","2x2",1000,1.5,0.05,0.01,0,0.45257054042765,16.56
"scene",3,"gaussian","rectangular","2x2",100,1,0.1,0.01,0,0.447396731333917,16.59
"scene",3,"gaussian","rectangular","2x2",500,1,0.1,0.01,0,0.457859296542668,16.64
"scene",3,"gaussian","rectangular","2x2",1000,1,0.1,0.01,0,0.440494385631906,16.73
"scene",3,"gaussian","rectangular","2x2",100,1.5,0.1,0.01,0,0.45616396634457,16.74
"scene",3,"gaussian","rectangular","2x2",500,1.5,0.1,0.01,0,0.466703301394904,16.79
"scene",3,"gaussian","rectangular","2x2",1000,1.5,0.1,0.01,0,0.443586819143138,16.88
"scene",3,"gaussian","hexagonal","2x2",100,1,0.05,0.005,0,0.427215574561498,16.9
"scene",3,"gaussian","hexagonal","2x2",500,1,0.05,0.005,0,0.444062223082189,16.95
"scene",3,"gaussian","hexagonal","2x2",1000,1,0.05,0.005,0,0.43042635592347,17.04
"scene",3,"gaussian","hexagonal","2x2",100,1.5,0.05,0.005,0,0.439845094869077,17.06
"scene",3,"gaussian","hexagonal","2x2",500,1.5,0.05,0.005,0,0.434629663132832,17.1
"scene",3,"gaussian","hexagonal","2x2",1000,1.5,0.05,0.005,0,0.433889176335476,17.19
"scene",3,"gaussian","hexagonal","2x2",100,1,0.1,0.005,0,0.428437590316377,17.22
"scene",3,"gaussian","hexagonal","2x2",500,1,0.1,0.005,0,0.443374193610948,17.27
"scene",3,"gaussian","hexagonal","2x2",1000,1,0.1,0.005,0,0.431963868085147,17.36
"scene",3,"gaussian","hexagonal","2x2",100,1.5,0.1,0.005,0,0.429467162324294,17.38
"scene",3,"gaussian","hexagonal","2x2",500,1.5,0.1,0.005,0,0.426806703229496,17.43
"scene",3,"gaussian","hexagonal","2x2",1000,1.5,0.1,0.005,0,0.440313011510984,17.52
"scene",3,"gaussian","hexagonal","2x2",100,1,0.05,0.01,0,0.442745150042388,17.53
"scene",3,"gaussian","hexagonal","2x2",500,1,0.05,0.01,0,0.45918471859164,17.58
"scene",3,"gaussian","hexagonal","2x2",1000,1,0.05,0.01,0,0.440454928662908,17.67
"scene",3,"gaussian","hexagonal","2x2",100,1.5,0.05,0.01,0,0.456760186810551,17.69
"scene",3,"gaussian","hexagonal","2x2",500,1.5,0.05,0.01,0,0.438972623105001,17.74
"scene",3,"gaussian","hexagonal","2x2",1000,1.5,0.05,0.01,0,0.432130601595508,17.83
"scene",3,"gaussian","hexagonal","2x2",100,1,0.1,0.01,0,0.433411499884059,17.84
"scene",3,"gaussian","hexagonal","2x2",500,1,0.1,0.01,0,0.445552429113871,17.91
"scene",3,"gaussian","hexagonal","2x2",1000,1,0.1,0.01,0,0.444168618768022,17.99
"scene",3,"gaussian","hexagonal","2x2",100,1.5,0.1,0.01,0,0.434783253894938,18.01
"scene",3,"gaussian","hexagonal","2x2",500,1.5,0.1,0.01,0,0.425923140660309,18.06
"scene",3,"gaussian","hexagonal","2x2",1000,1.5,0.1,0.01,0,0.422465257796776,18.14
"scene",3,"bubble","rectangular","2x2",100,1,0.05,0.005,0,0.378975797722954,18.16
"scene",3,"bubble","rectangular","2x2",500,1,0.05,0.005,0,0.358493347298481,18.2
"scene",3,"bubble","rectangular","2x2",1000,1,0.05,0.005,0,0.381921136785109,18.28
"scene",3,"bubble","rectangular","2x2",100,1.5,0.05,0.005,0,0.374582471795935,18.29
"scene",3,"bubble","rectangular","2x2",500,1.5,0.05,0.005,0,0.357803782130646,18.35
"scene",3,"bubble","rectangular","2x2",1000,1.5,0.05,0.005,0,0.367616096778106,18.44
"scene",3,"bubble","rectangular","2x2",100,1,0.1,0.005,0,0.358458512447321,18.46
"scene",3,"bubble","rectangular","2x2",500,1,0.1,0.005,1,0.529147974398637,18.51
"scene",3,"bubble","rectangular","2x2",1000,1,0.1,0.005,0,0.380836228388798,18.58
"scene",3,"bubble","rectangular","2x2",100,1.5,0.1,0.005,0,0.372589631407701,18.6
"scene",3,"bubble","rectangular","2x2",500,1.5,0.1,0.005,0,0.372163370650036,18.65
"scene",3,"bubble","rectangular","2x2",1000,1.5,0.1,0.005,0,0.35842033812252,18.76
"scene",3,"bubble","rectangular","2x2",100,1,0.05,0.01,0,0.369378868278436,18.78
"scene",3,"bubble","rectangular","2x2",500,1,0.05,0.01,0,0.393980633632768,18.84
"scene",3,"bubble","rectangular","2x2",1000,1,0.05,0.01,0,0.37275894061534,18.94
"scene",3,"bubble","rectangular","2x2",100,1.5,0.05,0.01,0,0.364126482444584,18.95
"scene",3,"bubble","rectangular","2x2",500,1.5,0.05,0.01,0,0.363320695202563,19.01
"scene",3,"bubble","rectangular","2x2",1000,1.5,0.05,0.01,0,0.383651093561259,19.11
"scene",3,"bubble","rectangular","2x2",100,1,0.1,0.01,0,0.373380783873235,19.13
"scene",3,"bubble","rectangular","2x2",500,1,0.1,0.01,0,0.380680822911762,19.18
"scene",3,"bubble","rectangular","2x2",1000,1,0.1,0.01,0,0.509806835146049,19.27
"scene",3,"bubble","rectangular","2x2",100,1.5,0.1,0.01,0,0.378516958726389,19.28
"scene",3,"bubble","rectangular","2x2",500,1.5,0.1,0.01,0,0.367857025404801,19.34
"scene",3,"bubble","rectangular","2x2",1000,1.5,0.1,0.01,0,0.370161330981436,19.45
"scene",3,"bubble","hexagonal","2x2",100,1,0.05,0.005,0,0.371010437674801,19.46
"scene",3,"bubble","hexagonal","2x2",500,1,0.05,0.005,0,0.370424714153606,19.51
"scene",3,"bubble","hexagonal","2x2",1000,1,0.05,0.005,0,0.371407605423426,19.58
"scene",3,"bubble","hexagonal","2x2",100,1.5,0.05,0.005,0,0.363622937557805,19.59
"scene",3,"bubble","hexagonal","2x2",500,1.5,0.05,0.005,0,0.373160770914334,19.64
"scene",3,"bubble","hexagonal","2x2",1000,1.5,0.05,0.005,0,0.37020275168194,19.74
"scene",3,"bubble","hexagonal","2x2",100,1,0.1,0.005,0,0.371623593575113,19.76
"scene",3,"bubble","hexagonal","2x2",500,1,0.1,0.005,0,0.384104204099718,19.81
"scene",3,"bubble","hexagonal","2x2",1000,1,0.1,0.005,0,0.373693875063091,19.89
"scene",3,"bubble","hexagonal","2x2",100,1.5,0.1,0.005,0,0.363177489476064,19.9
"scene",3,"bubble","hexagonal","2x2",500,1.5,0.1,0.005,0,0.368681749722846,19.96
"scene",3,"bubble","hexagonal","2x2",1000,1.5,0.1,0.005,0,0.382219097106089,20.06
"scene",3,"bubble","hexagonal","2x2",100,1,0.05,0.01,0,0.381851783552906,20.07
"scene",3,"bubble","hexagonal","2x2",500,1,0.05,0.01,0,0.373005247782846,20.13
"scene",3,"bubble","hexagonal","2x2",1000,1,0.05,0.01,0,0.361298850919687,20.19
"scene",3,"bubble","hexagonal","2x2",100,1.5,0.05,0.01,0,0.380503235787046,20.2
"scene",3,"bubble","hexagonal","2x2",500,1.5,0.05,0.01,0,0.383495456702078,20.25
"scene",3,"bubble","hexagonal","2x2",1000,1.5,0.05,0.01,0,0.366173510160788,20.35
"scene",3,"bubble","hexagonal","2x2",100,1,0.1,0.01,0,0.382728701424585,20.36
"scene",3,"bubble","hexagonal","2x2",500,1,0.1,0.01,0,0.385400915090498,20.4
"scene",3,"bubble","hexagonal","2x2",1000,1,0.1,0.01,0,0.373642826315799,20.51
"scene",3,"bubble","hexagonal","2x2",100,1.5,0.1,0.01,0,0.36278782314425,20.52
"scene",3,"bubble","hexagonal","2x2",500,1.5,0.1,0.01,0,0.370958956415782,20.58
"scene",3,"bubble","hexagonal","2x2",1000,1.5,0.1,0.01,0,0.394403061831696,20.69
